13/12/2022 08:54:57;-000.002;+000.000;-000.001+000.000;+000.000;20,2000007629395;37,9599990844727;23,5;23,5;20,2000007629395;37,8899993896484;7000
13/12/2022 08:56:02;-000.002;+000.000;+000.000+000.000;+000.000;20,2999992370605;37,8800010681152;23,6000003814697;23,6000003814697;20,2999992370605;37,9500007629395;7000
13/12/2022 08:57:06;-000.001;+000.000;-000.001+000.001;+000.001;20,3999996185303;37,6800003051758;23,6000003814697;23,6000003814697;20,3899993896484;37,8600006103516;7000
13/12/2022 08:58:11;-000.003;-000.001;+000.000+000.002;+000.001;20,3999996185303;38,0200004577637;23,7000007629395;23,7000007629395;20,3999996185303;38,1599998474121;7000
13/12/2022 08:59:17;-000.004;-000.002;+000.000+000.001;+000.001;20,5;38,2099990844727;23,7999992370605;23,7999992370605;20,5;38,2200012207031;7000
13/12/2022 09:00:21;-000.003;-000.001;+000.000+000.001;+000.001;20,5;38,2000007629395;23,7999992370605;23,8500003814697;20,5599994659424;38,1100006103516;7000
13/12/2022 09:01:27;-000.003;-000.001;+000.001+000.002;+000.002;20,6000003814697;38,3899993896484;23,8999996185303;23,8999996185303;20,6000003814697;38,3400001525879;7000
13/12/2022 09:02:32;-000.004;-000.001;+000.001+000.001;+000.002;20,7000007629395;38,439998626709;24;24;20,7000007629395;38,4000015258789;7000
13/12/2022 09:03:37;-000.005;-000.003;+000.001+000.002;+000.001;20,7000007629395;38,6800003051758;24,1000003814697;24,0900001525879;20,7000007629395;38,5200004577637;7000
13/12/2022 09:04:42;-000.006;-000.004;+000.002+000.001;+000.001;20,7999992370605;38,5400009155273;24,1000003814697;24,1000003814697;20,7999992370605;38,5900001525879;7000
13/12/2022 09:05:47;-000.006;-000.004;+000.002+000.003;+000.003;20,8999996185303;39,1300010681152;24,2000007629395;24,2000007629395;20,8400001525879;38,8699989318848;7000
13/12/2022 09:06:52;-000.006;-000.005;+000.003+000.001;+000.001;20,8999996185303;39,1699981689453;24,2999992370605;24,2700004577637;20,8999996185303;39,2700004577637;7000
13/12/2022 09:07:57;-000.007;-000.006;+000.003+000.001;+000.002;21;39,439998626709;24,2999992370605;24,2999992370605;21;39,2700004577637;7000
13/12/2022 09:09:02;-000.007;-000.006;+000.003+000.003;+000.003;21;39,2099990844727;24,3999996185303;24,3999996185303;21;39,1399993896484;7000
13/12/2022 09:10:07;-000.008;-000.007;+000.003+000.002;+000.002;21,1000003814697;39,3600006103516;24,5;24,5;21,1000003814697;39,6699981689453;7000
13/12/2022 09:11:11;-000.009;-000.008;+000.004+000.002;+000.003;21,2000007629395;39,1500015258789;24,5;24,5100002288818;21,2000007629395;39,2999992370605;7000
13/12/2022 09:12:17;-000.009;-000.008;+000.004+000.004;+000.004;21,2000007629395;39,5699996948242;24,6000003814697;24,6000003814697;21,2000007629395;39,4000015258789;7000
13/12/2022 09:13:22;-000.011;-000.009;+000.004+000.004;+000.004;21,2999992370605;39,4300003051758;24,7000007629395;24,7000007629395;21,2999992370605;39,4799995422363;7000
13/12/2022 09:14:26;-000.010;-000.009;+000.005+000.003;+000.003;21,3999996185303;39,5200004577637;24,7000007629395;24,7000007629395;21,3500003814697;39,5800018310547;7000
13/12/2022 09:15:31;-000.012;-000.010;+000.005+000.004;+000.005;21,3999996185303;39,9799995422363;24,7999992370605;24,7999992370605;21,3999996185303;39,7799987792969;7000
13/12/2022 09:16:36;-000.011;-000.009;+000.005+000.004;+000.003;21,5;39,7400016784668;24,8999996185303;24,8799991607666;21,5;39,6399993896484;7000
13/12/2022 09:17:41;-000.013;-000.011;+000.006+000.005;+000.005;21,5;39,6800003051758;24,8999996185303;24,8999996185303;21,5;39,7599983215332;7000
13/12/2022 09:18:46;-000.013;-000.012;+000.006+000.005;+000.005;21,6000003814697;39,5900001525879;25;25;21,6000003814697;39,6800003051758;7000
13/12/2022 09:19:51;-000.014;-000.012;+000.006+000.005;+000.005;21,7000007629395;39,8699989318848;25,1000003814697;25,0200004577637;21,6800003051758;39,8899993896484;7000
13/12/2022 09:20:56;-000.013;-000.012;+000.007+000.004;+000.005;21,7000007629395;39,7599983215332;25,1000003814697;25,1000003814697;21,7000007629395;40;7000
13/12/2022 09:22:02;-000.013;-000.012;+000.007+000.005;+000.005;21,7999992370605;40,3499984741211;25,2000007629395;25,2000007629395;21,7999992370605;40,560001373291;7000
13/12/2022 09:23:07;-000.017;-000.015;+000.007+000.005;+000.005;21,7999992370605;40,189998626709;25,2000007629395;25,2000007629395;21,7999992370605;40,3600006103516;7000
13/12/2022 09:24:12;-000.016;-000.015;+000.007+000.006;+000.006;21,8999996185303;40,5800018310547;25,2999992370605;25,2999992370605;21,8999996185303;40,4099998474121;7000
13/12/2022 09:25:17;-000.016;-000.014;+000.007+000.006;+000.007;22;40,4500007629395;25,3999996185303;25,3899993896484;21,9599990844727;40,3800010681152;7000
13/12/2022 09:26:22;-000.018;-000.017;+000.008+000.006;+000.006;22;40,5499992370605;25,3999996185303;25,3999996185303;22;40,4799995422363;7000
13/12/2022 09:27:27;-000.018;-000.017;+000.008+000.006;+000.006;22,1000003814697;40,8600006103516;25,5;25,5;22,1000003814697;40,8400001525879;7000
13/12/2022 09:28:33;-000.018;-000.017;+000.009+000.005;+000.006;22,1000003814697;40,8899993896484;25,5;25,5;22,1100006103516;40,9000015258789;7000
13/12/2022 09:29:38;-000.019;-000.018;+000.009+000.006;+000.006;22,2000007629395;41,3199996948242;25,6000003814697;25,6000003814697;22,2000007629395;41,2700004577637;7000
13/12/2022 09:30:43;-000.019;-000.018;+000.009+000.006;+000.006;22,2999992370605;40,7200012207031;25,7000007629395;25,7000007629395;22,2900009155273;40,5900001525879;7000
13/12/2022 09:31:48;-000.019;-000.017;+000.009+000.007;+000.007;22,2999992370605;41,3699989318848;25,7000007629395;25,7000007629395;22,2999992370605;41,560001373291;7000
13/12/2022 09:32:53;-000.020;-000.019;+000.010+000.007;+000.008;22,3999996185303;40,6300010681152;25,7999992370605;25,7999992370605;22,3999996185303;40,4700012207031;7000
13/12/2022 09:33:57;-000.020;-000.019;+000.010+000.007;+000.007;22,3999996185303;41,1599998474121;25,7999992370605;25,7999992370605;22,3999996185303;41,2999992370605;7000
13/12/2022 09:35:02;-000.021;-000.021;+000.010+000.008;+000.008;22,5;40,6500015258789;25,8999996185303;25,8999996185303;22,5;40,7099990844727;7000
13/12/2022 09:36:07;-000.023;-000.023;+000.010+000.009;+000.009;22,5;40,5200004577637;25,8999996185303;25,9099998474121;22,5;40,689998626709;7000
13/12/2022 09:37:12;-000.023;-000.022;+000.011+000.008;+000.007;22,6000003814697;40,4799995422363;26;26;22,6000003814697;40,5499992370605;7000
13/12/2022 09:38:18;-000.022;-000.022;+000.011+000.007;+000.007;22,7000007629395;40,8499984741211;26,1000003814697;26,0499992370605;22,6800003051758;40,6599998474121;7000
13/12/2022 09:39:23;-000.025;-000.024;+000.011+000.007;+000.008;22,7000007629395;40,7900009155273;26,1000003814697;26,1000003814697;22,7000007629395;40,7799987792969;7000
13/12/2022 09:40:28;-000.025;-000.024;+000.012+000.008;+000.008;22,7999992370605;41;26,2000007629395;26,2000007629395;22,7999992370605;40,9700012207031;7000
13/12/2022 09:41:33;-000.025;-000.024;+000.012+000.008;+000.008;22,7999992370605;41,0400009155273;26,2000007629395;26,2000007629395;22,7999992370605;40,9900016784668;7000
13/12/2022 09:42:37;-000.025;-000.024;+000.012+000.008;+000.009;22,8999996185303;40,9199981689453;26,2999992370605;26,2999992370605;22,8999996185303;41,0400009155273;7000
13/12/2022 09:43:42;-000.025;-000.025;+000.012+000.009;+000.008;22,8999996185303;41,0499992370605;26,2999992370605;26,2999992370605;22,9200000762939;41,2099990844727;7000
13/12/2022 09:44:47;-000.026;-000.026;+000.013+000.009;+000.009;23;41,2099990844727;26,3999996185303;26,3999996185303;23;41,2299995422363;7000
13/12/2022 09:45:52;-000.027;-000.027;+000.013+000.009;+000.008;23;41,060001373291;26,3999996185303;26,3999996185303;23,0499992370605;41,2400016784668;7000
13/12/2022 09:46:56;-000.029;-000.028;+000.013+000.009;+000.009;23,1000003814697;41,4000015258789;26,5;26,5;23,1000003814697;41,3800010681152;7000
13/12/2022 09:48:01;-000.030;-000.029;+000.013+000.009;+000.009;23,2000007629395;41,3499984741211;26,5;26,5200004577637;23,2000007629395;41,2799987792969;7000
13/12/2022 09:49:06;-000.029;-000.028;+000.014+000.010;+000.010;23,2000007629395;41,5900001525879;26,6000003814697;26,6000003814697;23,2000007629395;41,4599990844727;7000
13/12/2022 09:50:12;-000.030;-000.030;+000.014+000.011;+000.011;23,2999992370605;41,7200012207031;26,7000007629395;26,6100006103516;23,2999992370605;41,560001373291;7000
13/12/2022 09:51:17;-000.030;-000.029;+000.014+000.011;+000.011;23,2999992370605;41,6300010681152;26,7000007629395;26,7000007629395;23,2999992370605;41,560001373291;7000
13/12/2022 09:52:22;-000.030;-000.030;+000.014+000.010;+000.010;23,3999996185303;41,7299995422363;26,7999992370605;26,7700004577637;23,3999996185303;41,5400009155273;7000
13/12/2022 09:53:27;-000.029;-000.029;+000.014+000.010;+000.010;23,5;41,3699989318848;26,7999992370605;26,7999992370605;23,3999996185303;41,7999992370605;7000
13/12/2022 09:54:32;-000.031;-000.031;+000.015+000.010;+000.010;23,5;41,7900009155273;26,8999996185303;26,8799991607666;23,5;41,7799987792969;7000
13/12/2022 09:55:37;-000.032;-000.031;+000.015+000.011;+000.011;23,5;41,7299995422363;26,8999996185303;26,8999996185303;23,5;41,7999992370605;7000
13/12/2022 09:56:42;-000.031;-000.031;+000.015+000.010;+000.011;23,6000003814697;41,8699989318848;27;26,9799995422363;23,6000003814697;41,7599983215332;7000
13/12/2022 09:57:47;-000.033;-000.033;+000.015+000.011;+000.012;23,6000003814697;41,8699989318848;27;27;23,6299991607666;41,7999992370605;7000
13/12/2022 09:58:52;-000.032;-000.032;+000.016+000.010;+000.010;23,7000007629395;42,0200004577637;27,1000003814697;27,0699996948242;23,7000007629395;42,0400009155273;7000
13/12/2022 09:59:57;-000.033;-000.033;+000.016+000.011;+000.011;23,7999992370605;41,8499984741211;27,1000003814697;27,1000003814697;23,7700004577637;41,8800010681152;7000
13/12/2022 10:01:02;-000.033;-000.033;+000.016+000.011;+000.011;23,7999992370605;41,9799995422363;27,2000007629395;27,1200008392334;23,7999992370605;41,9000015258789;7000
13/12/2022 10:02:07;-000.033;-000.033;+000.016+000.012;+000.012;23,8999996185303;42,0699996948242;27,2000007629395;27,2000007629395;23,8899993896484;41,9000015258789;7000
13/12/2022 10:03:13;-000.035;-000.034;+000.017+000.012;+000.012;23,8999996185303;42,1500015258789;27,2999992370605;27,2299995422363;23,8999996185303;41,9599990844727;7000
13/12/2022 10:04:18;-000.034;-000.034;+000.017+000.010;+000.011;24;42,2200012207031;27,2999992370605;27,2999992370605;24;42,0900001525879;7000
13/12/2022 10:05:23;-000.034;-000.034;+000.017+000.012;+000.011;24;42,2700004577637;27,2999992370605;27,2999992370605;24;42,2400016784668;7000
13/12/2022 10:06:28;-000.034;-000.034;+000.017+000.011;+000.011;24,1000003814697;42,3699989318848;27,3999996185303;27,3999996185303;24,1000003814697;42,25;7000
13/12/2022 10:07:33;-000.036;-000.036;+000.018+000.012;+000.012;24,1000003814697;42,1199989318848;27,5;27,4200000762939;24,1000003814697;42,2200012207031;7000
13/12/2022 10:08:38;-000.036;-000.036;+000.018+000.012;+000.012;24,2000007629395;42,3800010681152;27,5;27,5;24,2000007629395;42,3800010681152;7000
13/12/2022 10:09:43;-000.036;-000.036;+000.018+000.013;+000.013;24,2000007629395;42,3199996948242;27,5;27,5;24,2000007629395;42,4000015258789;7000
13/12/2022 10:10:48;-000.037;-000.037;+000.018+000.011;+000.011;24,2999992370605;42;27,6000003814697;27,6000003814697;24,2999992370605;42,3699989318848;7000
13/12/2022 10:11:53;-000.038;-000.038;+000.018+000.011;+000.012;24,2999992370605;42,4500007629395;27,6000003814697;27,6000003814697;24,2999992370605;42,4199981689453;7000
13/12/2022 10:12:58;-000.038;-000.038;+000.018+000.012;+000.012;24,3999996185303;42,7200012207031;27,7000007629395;27,7000007629395;24,3899993896484;42,5999984741211;7000
13/12/2022 10:14:03;-000.039;-000.039;+000.019+000.012;+000.013;24,3999996185303;42,4700012207031;27,7000007629395;27,7000007629395;24,3999996185303;42,5200004577637;7000
13/12/2022 10:15:08;-000.039;-000.039;+000.019+000.012;+000.013;24,5;42,5699996948242;27,7999992370605;27,7900009155273;24,5;42,5699996948242;7000
13/12/2022 10:16:13;-000.039;-000.039;+000.019+000.013;+000.013;24,5;42,5699996948242;27,7999992370605;27,7999992370605;24,5;42,7299995422363;7000
13/12/2022 10:17:18;-000.038;-000.039;+000.019+000.013;+000.014;24,6000003814697;42,7999992370605;27,7999992370605;27,8500003814697;24,6000003814697;42,6599998474121;7000
13/12/2022 10:18:23;-000.040;-000.041;+000.019+000.014;+000.014;24,6000003814697;42,8899993896484;27,8999996185303;27,8999996185303;24,6000003814697;42,6699981689453;7000
13/12/2022 10:19:28;-000.040;-000.041;+000.019+000.013;+000.014;24,7000007629395;42,2400016784668;27,6000003814697;27,6000003814697;24,6900005340576;42,4199981689453;7000
13/12/2022 10:20:33;-000.040;-000.041;+000.019+000.014;+000.014;24,7000007629395;42,0200004577637;27,3999996185303;27,3999996185303;24,7000007629395;42,1399993896484;7000
13/12/2022 10:21:39;-000.040;-000.041;+000.019+000.013;+000.014;24,7000007629395;42,2700004577637;27,3999996185303;27,3999996185303;24,7000007629395;42,2700004577637;7000
13/12/2022 10:22:44;-000.042;-000.043;+000.019+000.014;+000.014;24,7000007629395;42,1699981689453;27,2999992370605;27,3299999237061;24,7000007629395;42,2000007629395;7000
13/12/2022 10:23:50;-000.040;-000.041;+000.019+000.013;+000.014;24,7000007629395;41,9500007629395;27,2999992370605;27,2999992370605;24,7000007629395;42,0800018310547;7000
13/12/2022 10:24:54;-000.041;-000.042;+000.019+000.012;+000.013;24,7000007629395;42,1100006103516;27,2000007629395;27,2000007629395;24,7000007629395;42,0800018310547;7000
13/12/2022 10:26:00;-000.041;-000.042;+000.018+000.013;+000.014;24,7000007629395;41,8499984741211;27,1000003814697;27,1000003814697;24,7000007629395;42,1100006103516;7000
13/12/2022 10:27:05;-000.042;-000.042;+000.018+000.013;+000.014;24,7000007629395;41,8400001525879;27,1000003814697;27,1000003814697;24,7000007629395;41,7900009155273;7000
13/12/2022 10:28:10;-000.042;-000.043;+000.018+000.014;+000.014;24,7000007629395;41,6800003051758;27,1000003814697;27,1000003814697;24,7000007629395;41,8899993896484;7000
13/12/2022 10:29:15;-000.042;-000.043;+000.018+000.013;+000.014;24,7000007629395;41,7799987792969;27;27,0499992370605;24,7000007629395;41,8899993896484;7000
13/12/2022 10:30:20;-000.044;-000.044;+000.018+000.014;+000.014;24,7000007629395;41,75;27;27;24,7000007629395;41,9099998474121;7000
13/12/2022 10:31:25;-000.043;-000.044;+000.018+000.013;+000.014;24,7000007629395;41,5900001525879;27;27;24,7000007629395;41,8699989318848;7000
13/12/2022 10:32:30;-000.044;-000.045;+000.018+000.013;+000.014;24,7999992370605;41,5400009155273;27;27;24,7199993133545;41,8899993896484;7000
13/12/2022 10:33:36;-000.043;-000.044;+000.018+000.012;+000.013;24,7999992370605;41,7599983215332;27;27;24,7999992370605;41,8699989318848;7000
13/12/2022 10:34:40;-000.042;-000.043;+000.018+000.010;+000.011;24,7999992370605;41,7299995422363;27;27;24,7999992370605;41,7400016784668;7000
13/12/2022 10:35:45;-000.043;-000.044;+000.018+000.011;+000.012;24,7999992370605;41,810001373291;27;27;24,7999992370605;42,0900001525879;7000
13/12/2022 10:36:50;-000.043;-000.044;+000.017+000.011;+000.012;24,7999992370605;42,0800018310547;27;27;24,7999992370605;41,9500007629395;7000
13/12/2022 10:37:55;-000.043;-000.044;+000.017+000.011;+000.011;24,7999992370605;41,7799987792969;27;27;24,7999992370605;41,7799987792969;7000
13/12/2022 10:39:00;-000.043;-000.043;+000.017+000.010;+000.011;24,7999992370605;41,7400016784668;27;26,9899997711182;24,7999992370605;41,8899993896484;7000
13/12/2022 10:40:05;-000.044;-000.044;+000.017+000.012;+000.012;24,7999992370605;41,8400001525879;27;27;24,7999992370605;41,7400016784668;7000
13/12/2022 10:41:10;-000.044;-000.044;+000.017+000.011;+000.012;24,7999992370605;42,0099983215332;27;27;24,7999992370605;41,810001373291;7000
13/12/2022 10:42:16;-000.044;-000.045;+000.016+000.012;+000.012;24,7999992370605;41,6800003051758;27;27;24,7999992370605;42,0099983215332;7000
13/12/2022 10:43:21;-000.045;-000.045;+000.016+000.012;+000.013;24,7999992370605;41,9700012207031;27;27;24,8199996948242;41,8800010681152;7000
13/12/2022 10:44:26;-000.045;-000.046;+000.016+000.012;+000.013;24,7999992370605;41,9199981689453;27;27;24,8799991607666;41,5900001525879;7000
13/12/2022 10:45:31;-000.045;-000.046;+000.016+000.012;+000.013;24,8999996185303;41,8499984741211;27;27;24,8999996185303;41,6300010681152;7000
13/12/2022 10:46:35;-000.044;-000.045;+000.015+000.011;+000.012;24,8999996185303;41,7299995422363;27;27;24,8999996185303;41,5;7000
13/12/2022 10:47:40;-000.045;-000.046;+000.015+000.012;+000.013;24,8999996185303;41,4300003051758;27;26,9799995422363;24,8999996185303;41,6699981689453;7000
13/12/2022 10:48:45;-000.044;-000.045;+000.015+000.012;+000.012;24,8999996185303;41,9799995422363;27;27;24,8999996185303;41,7299995422363;7000
13/12/2022 10:49:50;-000.046;-000.046;+000.015+000.012;+000.013;24,8999996185303;41,7400016784668;27;27;24,8999996185303;41,7200012207031;7000
13/12/2022 10:50:55;-000.045;-000.045;+000.015+000.012;+000.013;24,8999996185303;41,7999992370605;27;27;24,8999996185303;41,9099998474121;7000
13/12/2022 10:52:00;-000.046;-000.047;+000.014+000.013;+000.013;24,8999996185303;41,7299995422363;27;27;24,8999996185303;41,9599990844727;7000
13/12/2022 10:53:05;-000.046;-000.046;+000.014+000.012;+000.013;24,8999996185303;41,8400001525879;26,8999996185303;26,9799995422363;24,8999996185303;41,7700004577637;7000
13/12/2022 10:54:11;-000.046;-000.048;+000.014+000.014;+000.014;24,8999996185303;41,8499984741211;27;27;24,8999996185303;42,1399993896484;7000
13/12/2022 10:55:15;-000.047;-000.047;+000.014+000.013;+000.014;24,8999996185303;42,1100006103516;27;27;24,9400005340576;41,8199996948242;7000
13/12/2022 10:56:20;-000.046;-000.047;+000.014+000.014;+000.015;25;41,8400001525879;27;27;24,9899997711182;41,9199981689453;7000
13/12/2022 10:57:25;-000.049;-000.050;+000.013+000.014;+000.015;25;41,7000007629395;26,8999996185303;26,9200000762939;25;41,8199996948242;7000
13/12/2022 10:58:30;-000.048;-000.048;+000.013+000.015;+000.015;25;41,8800010681152;26,8999996185303;26,8999996185303;25;41,8400001525879;7000
13/12/2022 10:59:35;-000.047;-000.048;+000.013+000.014;+000.015;25;41,5;27;27;25;41,8199996948242;7000
13/12/2022 11:00:41;-000.047;-000.048;+000.013+000.014;+000.015;25;42,2900009155273;27;27;25;41,9500007629395;7000
13/12/2022 11:01:46;-000.047;-000.048;+000.012+000.015;+000.016;25;42,2299995422363;26,8999996185303;26,9200000762939;25;42,1300010681152;7000
13/12/2022 11:02:51;-000.048;-000.049;+000.012+000.015;+000.016;25;42,189998626709;27;26,9799995422363;25;42,0999984741211;7000
13/12/2022 11:03:56;-000.049;-000.050;+000.012+000.016;+000.017;25;42,2099990844727;27;27;25;41,9000015258789;7000
13/12/2022 11:05:01;-000.048;-000.049;+000.012+000.015;+000.016;25;42,0400009155273;27;27;25;41,8300018310547;7000
13/12/2022 11:06:06;-000.049;-000.050;+000.012+000.016;+000.016;25;41,9799995422363;27;27;25;41,8199996948242;7000
13/12/2022 11:07:10;-000.050;-000.051;+000.011+000.016;+000.017;25;41,6100006103516;27;27;25;41,7799987792969;7000
13/12/2022 11:08:15;-000.048;-000.049;+000.011+000.015;+000.016;25;41,6699981689453;27;27;25,0200004577637;41,9500007629395;7000
13/12/2022 11:09:20;-000.049;-000.050;+000.011+000.017;+000.018;25;42,1300010681152;27;27;25,0499992370605;42,2299995422363;7000
13/12/2022 11:10:25;-000.048;-000.049;+000.010+000.015;+000.016;25,1000003814697;42;27;27;25,0900001525879;42,1300010681152;7000
13/12/2022 11:11:30;-000.051;-000.052;+000.010+000.017;+000.018;25,1000003814697;42,2799987792969;27;27;25,1000003814697;42,4099998474121;7000
13/12/2022 11:12:35;-000.048;-000.050;+000.010+000.016;+000.017;25,1000003814697;42,6300010681152;27;26,9400005340576;25,1000003814697;42,810001373291;7000
13/12/2022 11:13:40;-000.049;-000.050;+000.010+000.016;+000.016;25,1000003814697;42,9199981689453;27;27;25,1000003814697;42,8199996948242;7000
13/12/2022 11:14:46;-000.049;-000.050;+000.009+000.016;+000.017;25,1000003814697;43,0900001525879;27;27;25,1000003814697;43,0499992370605;7000
13/12/2022 11:15:51;-000.050;-000.051;+000.009+000.015;+000.016;25,1000003814697;42,4500007629395;27;27;25,1000003814697;42,7000007629395;7000
13/12/2022 11:16:56;-000.050;-000.051;+000.009+000.016;+000.017;25,1000003814697;42,9500007629395;27;27;25,1000003814697;42,9500007629395;7000
13/12/2022 11:18:01;-000.049;-000.050;+000.009+000.015;+000.017;25,1000003814697;42,3499984741211;27;27;25,1000003814697;42,3800010681152;7000
13/12/2022 11:19:06;-000.050;-000.051;+000.008+000.017;+000.017;25,1000003814697;42,2999992370605;27;27;25,1000003814697;42,4599990844727;7000
13/12/2022 11:20:11;-000.050;-000.051;+000.008+000.016;+000.017;25,1000003814697;42,689998626709;27;27;25,1000003814697;43,060001373291;7000
13/12/2022 11:21:16;-000.050;-000.051;+000.008+000.016;+000.017;25,1000003814697;42,8499984741211;27;27;25,1000003814697;43,0999984741211;7000
13/12/2022 11:22:21;-000.051;-000.052;+000.008+000.017;+000.018;25,1000003814697;42,7799987792969;27;26,9899997711182;25,1000003814697;42,810001373291;7000
13/12/2022 11:23:26;-000.051;-000.052;+000.007+000.017;+000.018;25,1000003814697;42,1500015258789;27;27;25,1000003814697;42,1100006103516;7000
13/12/2022 11:24:31;-000.050;-000.052;+000.007+000.016;+000.016;25,1000003814697;42,9599990844727;27;27;25,1000003814697;42,9599990844727;7000
13/12/2022 11:25:35;-000.049;-000.051;+000.007+000.016;+000.017;25,2000007629395;41,9900016784668;27;27;25,1000003814697;42,0699996948242;7000
13/12/2022 11:26:40;-000.051;-000.053;+000.007+000.017;+000.017;25,1000003814697;42,1300010681152;27;27;25,1800003051758;41,810001373291;7000
13/12/2022 11:27:46;-000.052;-000.054;+000.006+000.016;+000.017;25,2000007629395;42,0499992370605;27;27;25,2000007629395;41,8699989318848;7000
13/12/2022 11:28:51;-000.052;-000.053;+000.006+000.017;+000.018;25,2000007629395;42,0200004577637;27;27;25,2000007629395;42,4799995422363;7000
13/12/2022 11:29:56;-000.052;-000.054;+000.006+000.017;+000.017;25,2000007629395;42,4300003051758;27;27;25,2000007629395;42,439998626709;7000
13/12/2022 11:31:02;-000.051;-000.052;+000.005+000.016;+000.017;25,2000007629395;42,2599983215332;27;27;25,2000007629395;42,1199989318848;7000
13/12/2022 11:32:07;-000.051;-000.053;+000.005+000.017;+000.017;25,2000007629395;42,2299995422363;27;27;25,2000007629395;42,2299995422363;7000
13/12/2022 11:33:12;-000.052;-000.054;+000.005+000.016;+000.017;25,2000007629395;42,0999984741211;27;27;25,2000007629395;42,0900001525879;7000
13/12/2022 11:34:18;-000.053;-000.055;+000.005+000.017;+000.017;25,2000007629395;43,0800018310547;27;27;25,2000007629395;43,2099990844727;7000
13/12/2022 11:35:23;-000.052;-000.053;+000.004+000.017;+000.018;25,2000007629395;42,9700012207031;27;27;25,2000007629395;42,9700012207031;7000
13/12/2022 11:36:28;-000.051;-000.052;+000.004+000.017;+000.017;25,2000007629395;43,310001373291;27;27;25,2000007629395;43,4000015258789;7000
13/12/2022 11:37:33;-000.052;-000.053;+000.004+000.016;+000.017;25,2000007629395;42,2400016784668;27;27;25,2000007629395;42,1300010681152;7000
13/12/2022 11:38:37;-000.052;-000.053;+000.003+000.016;+000.017;25,2000007629395;42,9199981689453;27;27;25,2000007629395;42,9300003051758;7000
13/12/2022 11:39:42;-000.052;-000.053;+000.003+000.017;+000.017;25,2000007629395;42,9000015258789;27;27;25,2000007629395;42,6599998474121;7000
13/12/2022 11:40:47;-000.052;-000.054;+000.003+000.016;+000.018;25,2000007629395;42,9300003051758;27;27;25,2000007629395;43,0699996948242;7000
13/12/2022 11:41:52;-000.052;-000.054;+000.003+000.017;+000.017;25,2000007629395;42,3800010681152;27;27;25,2000007629395;42,25;7000
13/12/2022 11:42:58;-000.052;-000.053;+000.002+000.016;+000.017;25,2000007629395;42,1500015258789;27;27;25,2000007629395;42,2599983215332;7000
13/12/2022 11:44:03;-000.053;-000.054;+000.002+000.017;+000.018;25,2000007629395;42,4000015258789;27;27;25,2000007629395;42,3199996948242;7000
13/12/2022 11:45:08;-000.054;-000.055;+000.002+000.016;+000.017;25,2000007629395;42,3400001525879;27;27;25,2000007629395;42,1199989318848;7000
13/12/2022 11:46:12;-000.053;-000.054;+000.002+000.017;+000.018;25,2000007629395;42,4099998474121;27;27;25,2000007629395;42,4199981689453;7000
13/12/2022 11:47:17;-000.053;-000.055;+000.001+000.017;+000.018;25,2000007629395;43,0299987792969;27;27;25,2000007629395;42,7700004577637;7000
13/12/2022 11:48:22;-000.055;-000.056;+000.001+000.018;+000.018;25,2000007629395;42,0499992370605;27;27;25,2000007629395;42,1300010681152;7000
13/12/2022 11:49:27;-000.054;-000.055;+000.001+000.018;+000.019;25,2000007629395;42,3400001525879;27;27;25,2199993133545;42,5400009155273;7000
13/12/2022 11:50:32;-000.055;-000.057;+000.000+000.018;+000.019;25,2999992370605;42,9199981689453;27;27;25,2199993133545;42,7900009155273;7000
13/12/2022 11:51:36;-000.055;-000.056;+000.000+000.018;+000.019;25,2999992370605;42,7099990844727;27;27;25,2900009155273;42,7999992370605;7000
13/12/2022 11:52:42;-000.053;-000.054;+000.000+000.016;+000.017;25,2999992370605;42,8199996948242;27;27;25,2800006866455;42,7599983215332;7000
13/12/2022 11:53:47;-000.054;-000.055;-000.001+000.017;+000.018;25,2999992370605;43,1300010681152;27;27;25,2999992370605;42,939998626709;7000
13/12/2022 11:54:52;-000.054;-000.055;-000.001+000.017;+000.018;25,2999992370605;43,1300010681152;27,1000003814697;27,0400009155273;25,2999992370605;43,5800018310547;7000
13/12/2022 11:55:57;-000.053;-000.055;-000.001+000.016;+000.017;25,2999992370605;42,4199981689453;27;27;25,2999992370605;42,6599998474121;7000
13/12/2022 11:57:02;-000.054;-000.056;-000.001+000.018;+000.019;25,2999992370605;42,1100006103516;27;27;25,2999992370605;42,3800010681152;7000
13/12/2022 11:58:07;-000.055;-000.056;-000.002+000.018;+000.019;25,2999992370605;43,3199996948242;27;27;25,2999992370605;43,2000007629395;7000
13/12/2022 11:59:12;-000.054;-000.056;-000.002+000.018;+000.019;25,2999992370605;43;27;27;25,2999992370605;43,0999984741211;7000
13/12/2022 12:00:17;-000.054;-000.056;-000.002+000.018;+000.019;25,2999992370605;42,6199989318848;27;27;25,2999992370605;42,6699981689453;7000
13/12/2022 12:01:22;-000.056;-000.057;-000.003+000.017;+000.018;25,2999992370605;41,939998626709;27;27;25,2999992370605;42,5;7000
13/12/2022 12:02:27;-000.055;-000.056;-000.003+000.018;+000.018;25,2999992370605;43,0200004577637;27;27;25,2999992370605;42,8600006103516;7000
13/12/2022 12:03:32;-000.055;-000.056;-000.003+000.017;+000.019;25,2999992370605;42,8899993896484;27;27,0100002288818;25,2999992370605;42,8899993896484;7000
13/12/2022 12:04:37;-000.056;-000.058;-000.004+000.018;+000.019;25,2999992370605;42,9700012207031;27,1000003814697;27,0799999237061;25,2999992370605;43,0200004577637;7000
13/12/2022 12:05:42;-000.056;-000.058;-000.004+000.018;+000.019;25,2999992370605;41,9000015258789;27;27;25,2999992370605;42,1599998474121;7000
13/12/2022 12:06:47;-000.055;-000.056;-000.004+000.017;+000.019;25,2999992370605;42,2900009155273;27;27;25,2999992370605;42,0999984741211;7000
13/12/2022 12:07:52;-000.056;-000.058;-000.004+000.018;+000.019;25,2999992370605;41,7599983215332;27;27;25,2999992370605;42,2400016784668;7000
13/12/2022 12:08:57;-000.057;-000.058;-000.005+000.018;+000.019;25,2999992370605;42,5299987792969;27,1000003814697;27,0599994659424;25,2999992370605;42,3400001525879;7000
13/12/2022 12:10:02;-000.056;-000.057;-000.005+000.019;+000.020;25,2999992370605;42,4799995422363;27;27;25,2999992370605;42,2799987792969;7000
13/12/2022 12:11:06;-000.055;-000.056;-000.006+000.019;+000.020;25,2999992370605;42,7099990844727;27;27;25,2999992370605;42,7000007629395;7000
13/12/2022 12:12:12;-000.054;-000.056;-000.006+000.018;+000.019;25,2999992370605;42,9099998474121;27;27;25,2999992370605;42,8199996948242;7000
13/12/2022 12:13:17;-000.055;-000.057;-000.006+000.019;+000.020;25,2999992370605;42,9599990844727;27;27,0100002288818;25,2999992370605;42,9500007629395;7000
13/12/2022 12:14:22;-000.056;-000.058;-000.006+000.019;+000.020;25,2999992370605;43,2299995422363;27;27;25,2999992370605;43,1800003051758;7000
13/12/2022 12:15:27;-000.056;-000.058;-000.007+000.019;+000.020;25,2999992370605;42,689998626709;27;27;25,2999992370605;42,8499984741211;7000
13/12/2022 12:16:32;-000.056;-000.057;-000.007+000.019;+000.020;25,2999992370605;42,7700004577637;27;27;25,2999992370605;43,2400016784668;7000
13/12/2022 12:17:36;-000.056;-000.058;-000.008+000.019;+000.020;25,2999992370605;42,7999992370605;27,1000003814697;27,0799999237061;25,2999992370605;42,8699989318848;7000
13/12/2022 12:18:40;-000.056;-000.058;-000.008+000.019;+000.020;25,2999992370605;43,3899993896484;27;27,0300006866455;25,2999992370605;43,3600006103516;7000
13/12/2022 12:19:45;-000.057;-000.058;-000.008+000.018;+000.020;25,2999992370605;43;27;27;25,3099994659424;42,9799995422363;7000
13/12/2022 12:20:50;-000.056;-000.058;-000.008+000.019;+000.020;25,3999996185303;42,8699989318848;27;27;25,3099994659424;42,939998626709;7000
13/12/2022 12:21:56;-000.056;-000.057;-000.009+000.019;+000.020;25,3999996185303;43,1199989318848;27;27;25,3400001525879;43,1100006103516;7000
13/12/2022 12:23:00;-000.056;-000.057;-000.009+000.019;+000.020;25,3999996185303;43,2000007629395;27,1000003814697;27,1000003814697;25,3400001525879;43,0499992370605;7000
13/12/2022 12:24:05;-000.057;-000.059;-000.010+000.020;+000.022;25,2999992370605;43,1800003051758;27;27,0599994659424;25,3799991607666;43,0900001525879;7000
13/12/2022 12:25:10;-000.057;-000.058;-000.010+000.020;+000.021;25,3999996185303;42,8199996948242;27;27;25,3899993896484;42,9300003051758;7000
13/12/2022 12:26:16;-000.056;-000.058;-000.010+000.019;+000.020;25,3999996185303;42,9799995422363;27;27;25,3700008392334;43,1300010681152;7000
13/12/2022 12:27:20;-000.056;-000.058;-000.010+000.019;+000.020;25,3999996185303;43,1100006103516;27,1000003814697;27,0900001525879;25,3999996185303;43,0699996948242;7000
13/12/2022 12:28:26;-000.055;-000.057;-000.011+000.019;+000.020;25,3999996185303;42,7700004577637;27,1000003814697;27,1000003814697;25,3999996185303;42,8899993896484;7000
13/12/2022 12:29:31;-000.055;-000.057;-000.011+000.018;+000.019;25,3999996185303;43,0800018310547;27;27;25,3999996185303;43,1599998474121;7000
13/12/2022 12:30:36;-000.058;-000.059;-000.011+000.019;+000.020;25,3999996185303;41,8600006103516;27;27;25,3999996185303;41,8800010681152;7000
13/12/2022 12:31:41;-000.055;-000.057;-000.012+000.020;+000.020;25,3999996185303;42,9500007629395;27,1000003814697;27,0900001525879;25,3999996185303;42,939998626709;7000
13/12/2022 12:32:46;-000.056;-000.058;-000.012+000.018;+000.020;25,3999996185303;43,1699981689453;27;27,0699996948242;25,3999996185303;43,1100006103516;7000
13/12/2022 12:33:51;-000.057;-000.058;-000.013+000.019;+000.020;25,3999996185303;43,0999984741211;27;27;25,3999996185303;43,1699981689453;7000
13/12/2022 12:34:56;-000.056;-000.057;-000.013+000.018;+000.019;25,3999996185303;42,7999992370605;27;27;25,3999996185303;42,8800010681152;7000
13/12/2022 12:36:01;-000.056;-000.058;-000.013+000.019;+000.020;25,3999996185303;43,1300010681152;27,1000003814697;27,1000003814697;25,3999996185303;43,2000007629395;7000
13/12/2022 12:37:06;-000.056;-000.057;-000.013+000.020;+000.021;25,3999996185303;42,1500015258789;27,1000003814697;27,1000003814697;25,3999996185303;42,0400009155273;7000
13/12/2022 12:38:11;-000.056;-000.058;-000.014+000.021;+000.022;25,3999996185303;41,9199981689453;27;27;25,3999996185303;42;7000
13/12/2022 12:39:15;-000.057;-000.058;-000.014+000.020;+000.022;25,3999996185303;42,8199996948242;27;27;25,3999996185303;42,8499984741211;7000
13/12/2022 12:40:20;-000.056;-000.057;-000.014+000.019;+000.020;25,3999996185303;42,7400016784668;27,1000003814697;27,0900001525879;25,3999996185303;42,6599998474121;7000
13/12/2022 12:41:25;-000.056;-000.058;-000.015+000.020;+000.021;25,3999996185303;42,6100006103516;27,1000003814697;27,1000003814697;25,3999996185303;42,7099990844727;7000
13/12/2022 12:42:30;-000.057;-000.058;-000.015+000.020;+000.021;25,3999996185303;42,3600006103516;27;27;25,3999996185303;42,3800010681152;7000
13/12/2022 12:43:35;-000.056;-000.057;-000.015+000.020;+000.021;25,3999996185303;41,75;27;27;25,3999996185303;41,9099998474121;7000
13/12/2022 12:44:40;-000.056;-000.057;-000.016+000.018;+000.020;25,3999996185303;41,9099998474121;27,1000003814697;27,0799999237061;25,3999996185303;41,9900016784668;7000
13/12/2022 12:45:46;-000.056;-000.058;-000.016+000.020;+000.021;25,3999996185303;42,5099983215332;27,1000003814697;27,1000003814697;25,3999996185303;42,5999984741211;7000
13/12/2022 12:46:51;-000.055;-000.057;-000.017+000.020;+000.021;25,3999996185303;42,7000007629395;27;27,0100002288818;25,3999996185303;42,689998626709;7000
13/12/2022 12:47:56;-000.056;-000.057;-000.017+000.020;+000.021;25,3999996185303;41,8400001525879;27;27;25,3999996185303;41,9199981689453;7000
13/12/2022 12:49:01;-000.057;-000.058;-000.017+000.020;+000.021;25,3999996185303;41,75;27;27,0599994659424;25,3999996185303;42,0099983215332;7000
13/12/2022 12:50:06;-000.056;-000.057;-000.018+000.020;+000.021;25,3999996185303;42,0400009155273;27,1000003814697;27,1000003814697;25,3999996185303;41,9799995422363;7000
13/12/2022 12:51:11;-000.056;-000.057;-000.018+000.020;+000.022;25,3999996185303;41,9599990844727;27,1000003814697;27,1000003814697;25,3999996185303;42,0200004577637;7000
13/12/2022 12:52:17;-000.056;-000.058;-000.018+000.020;+000.021;25,3999996185303;41,939998626709;27,1000003814697;27,1000003814697;25,3999996185303;41,9799995422363;7000
13/12/2022 12:53:22;-000.057;-000.058;-000.019+000.021;+000.022;25,3999996185303;42,060001373291;27;27;25,3999996185303;42,189998626709;7000
13/12/2022 12:54:27;-000.056;-000.058;-000.019+000.021;+000.022;25,3999996185303;42,2299995422363;27,1000003814697;27,1000003814697;25,3999996185303;41,9500007629395;7000
13/12/2022 12:55:32;-000.055;-000.056;-000.019+000.021;+000.022;25,3999996185303;41,7999992370605;27,1000003814697;27,1000003814697;25,3999996185303;41,939998626709;7000
13/12/2022 12:56:37;-000.056;-000.057;-000.019+000.020;+000.021;25,3999996185303;41,810001373291;27;27,1000003814697;25,3999996185303;41,7999992370605;7000
13/12/2022 12:57:42;-000.055;-000.056;-000.020+000.020;+000.021;25,3999996185303;41,9500007629395;27;27;25,3999996185303;42,1599998474121;7000
13/12/2022 12:58:47;-000.055;-000.056;-000.020+000.019;+000.021;25,3999996185303;42,0200004577637;27,1000003814697;27,1000003814697;25,3999996185303;41,9199981689453;7000
13/12/2022 12:59:52;-000.055;-000.057;-000.020+000.020;+000.021;25,3999996185303;42,7999992370605;27,1000003814697;27,1000003814697;25,3999996185303;42,7599983215332;7000
13/12/2022 13:00:57;-000.055;-000.057;-000.020+000.021;+000.022;25,3999996185303;42,7099990844727;27,1000003814697;27,1000003814697;25,3999996185303;43,0299987792969;7000
13/12/2022 13:02:02;-000.056;-000.057;-000.021+000.021;+000.022;25,3999996185303;43,3499984741211;27,1000003814697;27,1000003814697;25,3999996185303;43,2299995422363;7000
13/12/2022 13:03:07;-000.056;-000.057;-000.021+000.021;+000.022;25,3999996185303;42,9700012207031;27,1000003814697;27,1000003814697;25,4300003051758;42,9099998474121;7000
13/12/2022 13:04:12;-000.056;-000.057;-000.022+000.020;+000.022;25,3999996185303;42,810001373291;27,1000003814697;27,1000003814697;25,4300003051758;43,0099983215332;7000
13/12/2022 13:05:17;-000.054;-000.055;-000.022+000.020;+000.022;25,5;43,3899993896484;27,1000003814697;27,1000003814697;25,4400005340576;43,3199996948242;7000
13/12/2022 13:06:22;-000.055;-000.057;-000.022+000.020;+000.021;25,5;43,6699981689453;27,1000003814697;27,1000003814697;25,4899997711182;43,5900001525879;7000
13/12/2022 13:07:27;-000.054;-000.056;-000.022+000.021;+000.022;25,5;43,2200012207031;27,1000003814697;27,1000003814697;25,5;43,4500007629395;7000
13/12/2022 13:08:32;-000.054;-000.056;-000.023+000.020;+000.021;25,5;42,6399993896484;27,1000003814697;27,1000003814697;25,4899997711182;43,1399993896484;7000
13/12/2022 13:09:37;-000.054;-000.056;-000.023+000.020;+000.021;25,5;42,6599998474121;27,1000003814697;27,1000003814697;25,5;42,9000015258789;7000
13/12/2022 13:10:42;-000.054;-000.056;-000.023+000.021;+000.022;25,5;42,2599983215332;27,1000003814697;27,1000003814697;25,5;42,2999992370605;7000
13/12/2022 13:11:47;-000.055;-000.056;-000.024+000.020;+000.021;25,5;42,4500007629395;27,1000003814697;27,1000003814697;25,5;42,4500007629395;7000
13/12/2022 13:12:52;-000.055;-000.057;-000.024+000.021;+000.022;25,5;42,939998626709;27,1000003814697;27,1000003814697;25,5;42,9700012207031;7000
13/12/2022 13:13:57;-000.054;-000.056;-000.024+000.020;+000.021;25,5;42,7599983215332;27,1000003814697;27,1000003814697;25,5;42,9000015258789;7000
13/12/2022 13:15:01;-000.055;-000.056;-000.024+000.021;+000.022;25,5;42,8899993896484;27,1000003814697;27,1000003814697;25,5;42,9099998474121;7000
13/12/2022 13:16:06;-000.055;-000.056;-000.025+000.021;+000.023;25,5;42,9900016784668;27,1000003814697;27,1000003814697;25,5;43,0900001525879;7000
13/12/2022 13:17:11;-000.054;-000.056;-000.025+000.021;+000.022;25,5;42,9199981689453;27;27;25,5;43,0299987792969;7000
13/12/2022 13:18:16;-000.054;-000.055;-000.025+000.020;+000.021;25,5;42,9700012207031;27,1000003814697;27,1000003814697;25,5;42,9599990844727;7000
13/12/2022 13:19:21;-000.055;-000.056;-000.026+000.021;+000.022;25,5;42,6300010681152;27,1000003814697;27,1000003814697;25,5;42,7999992370605;7000
13/12/2022 13:20:26;-000.055;-000.056;-000.026+000.021;+000.022;25,5;42,4700012207031;27,1000003814697;27,1000003814697;25,5;42,6300010681152;7000
13/12/2022 13:21:31;-000.053;-000.054;-000.026+000.020;+000.021;25,5;42,8800010681152;27;27,0100002288818;25,5;43,1100006103516;7000
13/12/2022 13:22:36;-000.054;-000.055;-000.027+000.021;+000.023;25,5;43,0800018310547;27,1000003814697;27,1000003814697;25,5;43,0200004577637;7000
13/12/2022 13:23:41;-000.054;-000.056;-000.027+000.020;+000.021;25,5;42,939998626709;27,1000003814697;27,1000003814697;25,5;43,0800018310547;7000
13/12/2022 13:24:46;-000.054;-000.055;-000.027+000.020;+000.021;25,5;42,1399993896484;27,1000003814697;27,1000003814697;25,5;42,0999984741211;7000
13/12/2022 13:25:51;-000.054;-000.055;-000.028+000.020;+000.021;25,5;41,4799995422363;27,1000003814697;27,1000003814697;25,5;41,9599990844727;7000
13/12/2022 13:26:56;-000.053;-000.054;-000.028+000.020;+000.022;25,5;42,8499984741211;27,1000003814697;27,1000003814697;25,5;43,1800003051758;7000
13/12/2022 13:28:01;-000.052;-000.053;-000.028+000.020;+000.021;25,5;43,2700004577637;27,1000003814697;27,1000003814697;25,5;43,0400009155273;7000
13/12/2022 13:29:06;-000.052;-000.054;-000.029+000.020;+000.022;25,5;42,8800010681152;27,1000003814697;27,1000003814697;25,5;43,3800010681152;7000
13/12/2022 13:30:11;-000.052;-000.055;-000.029+000.020;+000.021;25,5;43;27,1000003814697;27,1000003814697;25,5;43,3899993896484;7000
13/12/2022 13:31:16;-000.054;-000.056;-000.029+000.021;+000.022;25,5;42,25;27;27,1000003814697;25,5;42,2099990844727;7000
13/12/2022 13:32:21;-000.052;-000.053;-000.029+000.020;+000.021;25,5;41,8199996948242;27,1000003814697;27,1000003814697;25,5;41,9000015258789;7000
13/12/2022 13:33:26;-000.054;-000.055;-000.030+000.020;+000.021;25,5;43,2299995422363;27,1000003814697;27,1000003814697;25,5;43,0699996948242;7000
13/12/2022 13:34:30;-000.054;-000.055;-000.030+000.020;+000.021;25,5;41,9700012207031;27,1000003814697;27,1000003814697;25,5;41,9799995422363;7000
13/12/2022 13:35:36;-000.053;-000.054;-000.030+000.020;+000.022;25,5;41,5;27,1000003814697;27,1000003814697;25,5;41,7799987792969;7000
13/12/2022 13:36:41;-000.052;-000.053;-000.031+000.021;+000.022;25,5;42,4900016784668;27,1000003814697;27,1000003814697;25,5;42,1500015258789;7000
13/12/2022 13:37:46;-000.052;-000.053;-000.031+000.020;+000.021;25,5;42,9700012207031;27,1000003814697;27,1000003814697;25,5;42,9300003051758;7000
13/12/2022 13:38:51;-000.051;-000.053;-000.031+000.020;+000.021;25,5;43,0999984741211;27,1000003814697;27,1000003814697;25,5;43,2000007629395;7000
13/12/2022 13:39:55;-000.052;-000.053;-000.031+000.020;+000.021;25,5;43,2200012207031;27,1000003814697;27,1000003814697;25,5;43,3800010681152;7000
13/12/2022 13:41:00;-000.052;-000.053;-000.032+000.021;+000.022;25,5;43,439998626709;27,1000003814697;27,1000003814697;25,5;43,1399993896484;7000
13/12/2022 13:42:05;-000.050;-000.052;-000.032+000.020;+000.021;25,5;43,189998626709;27,1000003814697;27,1000003814697;25,5;43,4799995422363;7000
13/12/2022 13:43:11;-000.051;-000.052;-000.032+000.020;+000.021;25,5;43,2099990844727;27,1000003814697;27,1000003814697;25,5;43,3199996948242;7000
13/12/2022 13:44:16;-000.051;-000.052;-000.033+000.019;+000.020;25,5;43,4599990844727;27,1000003814697;27,1000003814697;25,5;43,2200012207031;7000
13/12/2022 13:45:21;-000.050;-000.051;-000.033+000.019;+000.020;25,5;43,0499992370605;27,1000003814697;27,1000003814697;25,5;43,1500015258789;7000
13/12/2022 13:46:26;-000.052;-000.053;-000.033+000.020;+000.021;25,5;42,9300003051758;27,1000003814697;27,1000003814697;25,5;43,2200012207031;7000
13/12/2022 13:47:31;-000.050;-000.052;-000.033+000.020;+000.021;25,5;43,1599998474121;27,1000003814697;27,1000003814697;25,5;43,0999984741211;7000
13/12/2022 13:48:36;-000.051;-000.053;-000.033+000.020;+000.021;25,5;42,8300018310547;27,1000003814697;27,1000003814697;25,5;42,8300018310547;7000
13/12/2022 13:49:42;-000.049;-000.051;-000.034+000.020;+000.021;25,5;42,8600006103516;27,1000003814697;27,1000003814697;25,5;42,9900016784668;7000
13/12/2022 13:50:46;-000.050;-000.049;-000.034+000.019;+000.021;25,5;42,4700012207031;27,1000003814697;27,1000003814697;25,5;42,3499984741211;7000
13/12/2022 13:51:51;-000.050;-000.050;-000.034+000.019;+000.020;25,5;42,4099998474121;27,1000003814697;27,1000003814697;25,5;42,1300010681152;7000
13/12/2022 13:52:56;-000.050;-000.049;-000.035+000.019;+000.020;25,5;42,0800018310547;27,1000003814697;27,1000003814697;25,5;42,2700004577637;7000
13/12/2022 13:54:01;-000.050;-000.050;-000.035+000.019;+000.020;25,5;42,2299995422363;27,1000003814697;27,1000003814697;25,5;42,439998626709;7000
13/12/2022 13:55:07;-000.048;-000.048;-000.035+000.019;+000.020;25,5;42,2799987792969;27,1000003814697;27,1000003814697;25,5;42,310001373291;7000
13/12/2022 13:56:11;-000.049;-000.049;-000.036+000.019;+000.021;25,5;42,6800003051758;27,1000003814697;27,1000003814697;25,5;42,6599998474121;7000
13/12/2022 13:57:16;-000.049;-000.050;-000.036+000.020;+000.022;25,5;43,0200004577637;27,1000003814697;27,1000003814697;25,5;43;7000
13/12/2022 13:58:21;-000.049;-000.050;-000.036+000.019;+000.021;25,5;43,0099983215332;27,1000003814697;27,1000003814697;25,5;42,8400001525879;7000
13/12/2022 13:59:27;-000.049;-000.050;-000.037+000.021;+000.022;25,5;43,2299995422363;27,1000003814697;27,1000003814697;25,5;42,9099998474121;7000
13/12/2022 14:00:32;-000.048;-000.050;-000.037+000.020;+000.021;25,5;42,6699981689453;27,1000003814697;27,1000003814697;25,5;42,4300003051758;7000
13/12/2022 14:01:36;-000.048;-000.051;-000.037+000.021;+000.022;25,5;42,8300018310547;27,1000003814697;27,1000003814697;25,5;42,5800018310547;7000
13/12/2022 14:02:41;-000.049;-000.051;-000.037+000.020;+000.021;25,5;42,689998626709;27,1000003814697;27,1000003814697;25,5200004577637;42,4700012207031;7000
13/12/2022 14:03:45;-000.048;-000.050;-000.037+000.018;+000.020;25,5;42,7900009155273;27,1000003814697;27,1000003814697;25,5;42,7000007629395;7000
13/12/2022 14:04:50;-000.048;-000.050;-000.038+000.019;+000.020;25,5;42,6699981689453;27,1000003814697;27,1000003814697;25,5;42,5299987792969;7000
13/12/2022 14:05:55;-000.048;-000.050;-000.038+000.019;+000.020;25,6000003814697;42,9500007629395;27,1000003814697;27,1000003814697;25,5;42,7200012207031;7000
13/12/2022 14:07:00;-000.047;-000.049;-000.038+000.018;+000.019;25,5;42,6399993896484;27,1000003814697;27,1000003814697;25,5200004577637;42,8499984741211;7000
13/12/2022 14:08:04;-000.047;-000.050;-000.039+000.018;+000.019;25,5;42,8199996948242;27,1000003814697;27,1000003814697;25,5100002288818;42,8300018310547;7000
13/12/2022 14:09:10;-000.046;-000.049;-000.039+000.018;+000.019;25,5;43,5499992370605;27,1000003814697;27,1000003814697;25,5300006866455;43,4300003051758;7000
13/12/2022 14:10:14;-000.046;-000.048;-000.039+000.018;+000.019;25,5;43,3800010681152;27,1000003814697;27,1000003814697;25,5400009155273;43,2599983215332;7000
13/12/2022 14:11:19;-000.046;-000.049;-000.040+000.018;+000.020;25,6000003814697;42,7900009155273;27,1000003814697;27,1000003814697;25,5499992370605;42,7799987792969;7000
13/12/2022 14:12:24;-000.046;-000.048;-000.040+000.018;+000.019;25,5;42,8600006103516;27,1000003814697;27,1000003814697;25,5400009155273;42,7400016784668;7000
13/12/2022 14:13:30;-000.046;-000.048;-000.040+000.018;+000.019;25,6000003814697;43,1500015258789;27,1000003814697;27,1000003814697;25,5400009155273;43,1500015258789;7000
13/12/2022 14:14:34;-000.046;-000.048;-000.041+000.019;+000.020;25,5;43,3400001525879;27,1000003814697;27,1000003814697;25,5599994659424;43,3800010681152;7000
13/12/2022 14:15:40;-000.047;-000.049;-000.040+000.019;+000.020;25,5;43,2799987792969;27,1000003814697;27,1000003814697;25,5200004577637;43,3199996948242;7000
13/12/2022 14:16:44;-000.045;-000.046;-000.041+000.018;+000.020;25,5;42,7099990844727;27,1000003814697;27,1000003814697;25,5300006866455;42,9700012207031;7000
13/12/2022 14:17:50;-000.046;-000.048;-000.041+000.019;+000.020;25,5;42,9700012207031;27,1000003814697;27,1000003814697;25,5599994659424;42,9500007629395;7000
13/12/2022 14:18:55;-000.045;-000.047;-000.041+000.018;+000.020;25,5;43,3499984741211;27,1000003814697;27,1000003814697;25,5400009155273;43,2999992370605;7000
13/12/2022 14:20:00;-000.045;-000.047;-000.042+000.018;+000.019;25,5;43,0699996948242;27,1000003814697;27,1000003814697;25,5300006866455;43,1100006103516;7000
13/12/2022 14:21:05;-000.046;-000.047;-000.042+000.018;+000.020;25,5;42,5900001525879;27,1000003814697;27,1000003814697;25,5799999237061;42,6100006103516;7000
13/12/2022 14:22:10;-000.045;-000.047;-000.042+000.018;+000.019;25,6000003814697;42,6800003051758;27,1000003814697;27,1000003814697;25,5499992370605;42,6300010681152;7000
13/12/2022 14:23:15;-000.044;-000.046;-000.043+000.019;+000.020;25,6000003814697;42,3499984741211;27,1000003814697;27,1000003814697;25,5599994659424;42,6699981689453;7000
13/12/2022 14:24:21;-000.045;-000.048;-000.043+000.018;+000.019;25,5;42,75;27,1000003814697;27,1000003814697;25,5599994659424;42,8699989318848;7000
13/12/2022 14:25:26;-000.045;-000.047;-000.043+000.018;+000.019;25,6000003814697;42,4099998474121;27,1000003814697;27,1000003814697;25,5799999237061;42,4099998474121;7000
13/12/2022 14:26:31;-000.045;-000.047;-000.043+000.019;+000.020;25,6000003814697;43;27,1000003814697;27,1000003814697;25,6000003814697;43,0900001525879;7000
13/12/2022 14:27:36;-000.044;-000.046;-000.044+000.019;+000.020;25,6000003814697;43,0800018310547;27,1000003814697;27,1000003814697;25,6000003814697;43,189998626709;7000
13/12/2022 14:28:42;-000.044;-000.046;-000.044+000.019;+000.020;25,6000003814697;43,1300010681152;27,1000003814697;27,1000003814697;25,6000003814697;43,3400001525879;7000
13/12/2022 14:29:47;-000.043;-000.045;-000.044+000.019;+000.020;25,6000003814697;42,75;27,1000003814697;27,1000003814697;25,6000003814697;43,0099983215332;7000
13/12/2022 14:30:53;-000.045;-000.046;-000.044+000.018;+000.020;25,6000003814697;42,9199981689453;27,1000003814697;27,1000003814697;25,6000003814697;43;7000
13/12/2022 14:31:57;-000.044;-000.045;-000.045+000.018;+000.020;25,6000003814697;42,7900009155273;27,1000003814697;27,1000003814697;25,6000003814697;43,0800018310547;7000
13/12/2022 14:33:03;-000.043;-000.044;-000.045+000.018;+000.019;25,6000003814697;42,2299995422363;27,1000003814697;27,1000003814697;25,6000003814697;42,2799987792969;7000
13/12/2022 14:34:08;-000.043;-000.044;-000.045+000.018;+000.019;25,6000003814697;41,7400016784668;27,1000003814697;27,1000003814697;25,6000003814697;42,0800018310547;7000
13/12/2022 14:35:13;-000.043;-000.044;-000.045+000.018;+000.020;25,6000003814697;41,9500007629395;27,1000003814697;27,1000003814697;25,6000003814697;42;7000
13/12/2022 14:36:18;-000.042;-000.044;-000.046+000.018;+000.019;25,6000003814697;43,2900009155273;27,1000003814697;27,1000003814697;25,6000003814697;43,060001373291;7000
13/12/2022 14:37:23;-000.043;-000.045;-000.046+000.018;+000.020;25,6000003814697;41,9799995422363;27,1000003814697;27,1000003814697;25,6000003814697;42,3699989318848;7000
13/12/2022 14:38:27;-000.043;-000.044;-000.046+000.018;+000.019;25,6000003814697;42,3499984741211;27,1000003814697;27,1000003814697;25,6000003814697;42,4300003051758;7000
13/12/2022 14:39:33;-000.042;-000.043;-000.046+000.017;+000.019;25,6000003814697;43,5999984741211;27,1000003814697;27,1000003814697;25,6000003814697;43,3699989318848;7000
13/12/2022 14:40:38;-000.043;-000.043;-000.047+000.019;+000.020;25,6000003814697;43,2999992370605;27,1000003814697;27,1000003814697;25,6000003814697;43,1399993896484;7000
13/12/2022 14:41:43;-000.043;-000.043;-000.047+000.019;+000.020;25,6000003814697;43,0299987792969;27,1000003814697;27,1000003814697;25,6000003814697;43,1399993896484;7000
13/12/2022 14:42:47;-000.041;-000.043;-000.047+000.018;+000.019;25,6000003814697;43,25;27,1000003814697;27,1000003814697;25,6000003814697;43,1199989318848;7000
13/12/2022 14:43:53;-000.042;-000.043;-000.047+000.018;+000.019;25,6000003814697;42,8499984741211;27,1000003814697;27,1000003814697;25,6000003814697;42,8199996948242;7000
13/12/2022 14:44:58;-000.043;-000.044;-000.047+000.018;+000.020;25,6000003814697;42,0699996948242;27,1000003814697;27,1000003814697;25,6000003814697;42,0800018310547;7000
13/12/2022 14:46:03;-000.041;-000.042;-000.048+000.018;+000.019;25,6000003814697;43,1100006103516;27,1000003814697;27,1000003814697;25,6000003814697;43,060001373291;7000
13/12/2022 14:47:08;-000.040;-000.041;-000.048+000.017;+000.019;25,6000003814697;43,2200012207031;27,1000003814697;27,1000003814697;25,6000003814697;43,0800018310547;7000
13/12/2022 14:48:13;-000.042;-000.043;-000.048+000.018;+000.020;25,6000003814697;43;27,1000003814697;27,1000003814697;25,6000003814697;43,0200004577637;7000
13/12/2022 14:49:19;-000.041;-000.043;-000.048+000.018;+000.019;25,6000003814697;42,9099998474121;27,1000003814697;27,1000003814697;25,6000003814697;42,939998626709;7000
13/12/2022 14:50:23;-000.041;-000.042;-000.049+000.017;+000.018;25,6000003814697;43,25;27,1000003814697;27,1000003814697;25,6000003814697;43,4599990844727;7000
13/12/2022 14:51:28;-000.041;-000.042;-000.049+000.019;+000.020;25,6000003814697;43,2200012207031;27,1000003814697;27,1000003814697;25,6000003814697;43,1599998474121;7000
13/12/2022 14:52:34;-000.040;-000.041;-000.050+000.019;+000.020;25,6000003814697;43,1599998474121;27,1000003814697;27,1000003814697;25,6000003814697;43,4300003051758;7000
13/12/2022 14:53:39;-000.041;-000.042;-000.050+000.018;+000.020;25,6000003814697;43,6699981689453;27,1000003814697;27,1000003814697;25,6000003814697;43,6500015258789;7000
13/12/2022 14:54:44;-000.040;-000.040;-000.050+000.018;+000.020;25,6000003814697;43,3199996948242;27,1000003814697;27,1000003814697;25,6000003814697;43,2999992370605;7000
13/12/2022 14:55:49;-000.040;-000.041;-000.050+000.018;+000.019;25,6000003814697;43,1199989318848;27,1000003814697;27,1000003814697;25,6000003814697;43,1399993896484;7000
13/12/2022 14:56:54;-000.040;-000.041;-000.050+000.018;+000.019;25,6000003814697;43,0200004577637;27,1000003814697;27,1000003814697;25,6000003814697;43,1100006103516;7000
13/12/2022 14:57:59;-000.040;-000.041;-000.051+000.018;+000.020;25,6000003814697;43,189998626709;27,1000003814697;27,1000003814697;25,6000003814697;43,2900009155273;7000
13/12/2022 14:59:03;-000.040;-000.041;-000.051+000.018;+000.020;25,6000003814697;43,9099998474121;27,1000003814697;27,1000003814697;25,6000003814697;43,7900009155273;7000
13/12/2022 15:00:08;-000.040;-000.041;-000.051+000.019;+000.020;25,6000003814697;43,25;27,1000003814697;27,1100006103516;25,6000003814697;43,2900009155273;7000
13/12/2022 15:01:13;-000.039;-000.040;-000.051+000.018;+000.019;25,6000003814697;43,560001373291;27,1000003814697;27,1000003814697;25,6000003814697;43,4700012207031;7000
13/12/2022 15:02:18;-000.039;-000.040;-000.052+000.018;+000.019;25,6000003814697;43,4599990844727;27,1000003814697;27,1000003814697;25,6000003814697;43,3600006103516;7000
13/12/2022 15:03:23;-000.039;-000.040;-000.052+000.018;+000.019;25,6000003814697;43,1699981689453;27,1000003814697;27,1000003814697;25,6000003814697;43,060001373291;7000
13/12/2022 15:04:29;-000.039;-000.040;-000.052+000.018;+000.019;25,6000003814697;42,8300018310547;27,1000003814697;27,1000003814697;25,6000003814697;42,9700012207031;7000
13/12/2022 15:05:33;-000.038;-000.039;-000.052+000.017;+000.018;25,6000003814697;43,1500015258789;27,1000003814697;27,1800003051758;25,6000003814697;43,2200012207031;7000
13/12/2022 15:06:38;-000.039;-000.040;-000.053+000.019;+000.020;25,6000003814697;43,2999992370605;27,1000003814697;27,1000003814697;25,6000003814697;43,2200012207031;7000
13/12/2022 15:07:43;-000.039;-000.040;-000.053+000.018;+000.019;25,6000003814697;43,2700004577637;27,1000003814697;27,1000003814697;25,6000003814697;43,2799987792969;7000
13/12/2022 15:08:48;-000.039;-000.040;-000.053+000.019;+000.020;25,6000003814697;42,75;27,1000003814697;27,1000003814697;25,6000003814697;43,0499992370605;7000
13/12/2022 15:09:53;-000.038;-000.038;-000.053+000.018;+000.019;25,6000003814697;43,0699996948242;27,1000003814697;27,1200008392334;25,6000003814697;43,3400001525879;7000
13/12/2022 15:10:58;-000.038;-000.039;-000.054+000.018;+000.019;25,6000003814697;43,2000007629395;27,1000003814697;27,1000003814697;25,6000003814697;42,8300018310547;7000
13/12/2022 15:12:03;-000.038;-000.038;-000.054+000.018;+000.019;25,6000003814697;42,8699989318848;27,1000003814697;27,1000003814697;25,6000003814697;42,8400001525879;7000
13/12/2022 15:13:08;-000.038;-000.039;-000.054+000.018;+000.020;25,6000003814697;42,7900009155273;27,1000003814697;27,1000003814697;25,6000003814697;42,8300018310547;7000
13/12/2022 15:14:13;-000.038;-000.039;-000.054+000.017;+000.018;25,6000003814697;42,7200012207031;27,1000003814697;27,1399993896484;25,6000003814697;42,9900016784668;7000
13/12/2022 15:15:18;-000.038;-000.038;-000.054+000.018;+000.019;25,6000003814697;42,9500007629395;27,1000003814697;27,1200008392334;25,6000003814697;42,9700012207031;7000
13/12/2022 15:16:23;-000.038;-000.039;-000.055+000.018;+000.019;25,6000003814697;42,8300018310547;27,1000003814697;27,1000003814697;25,6000003814697;42,7900009155273;7000
13/12/2022 15:17:29;-000.037;-000.037;-000.055+000.017;+000.019;25,6000003814697;42,560001373291;27,1000003814697;27,1000003814697;25,6000003814697;42,8199996948242;7000
13/12/2022 15:18:33;-000.036;-000.037;-000.055+000.018;+000.019;25,6000003814697;43,0800018310547;27,1000003814697;27,1000003814697;25,6000003814697;42,8800010681152;7000
13/12/2022 15:19:38;-000.035;-000.036;-000.056+000.017;+000.018;25,6000003814697;42,9900016784668;27,1000003814697;27,1000003814697;25,6000003814697;43,2000007629395;7000
13/12/2022 15:20:44;-000.037;-000.037;-000.056+000.017;+000.019;25,6000003814697;42,5800018310547;27,1000003814697;27,1000003814697;25,6000003814697;42,6599998474121;7000
13/12/2022 15:21:49;-000.036;-000.037;-000.056+000.018;+000.019;25,6000003814697;42,6699981689453;27,1000003814697;27,1000003814697;25,6000003814697;42,560001373291;7000
13/12/2022 15:22:55;-000.036;-000.037;-000.056+000.018;+000.019;25,6000003814697;42,9700012207031;27,1000003814697;27,1000003814697;25,6000003814697;42,9199981689453;7000
13/12/2022 15:23:59;-000.037;-000.038;-000.057+000.018;+000.019;25,6000003814697;42,1100006103516;27,1000003814697;27,1000003814697;25,6000003814697;42,4099998474121;7000
13/12/2022 15:25:04;-000.036;-000.037;-000.057+000.017;+000.018;25,6000003814697;42,5200004577637;27,1000003814697;27,1000003814697;25,6000003814697;42,5;7000
13/12/2022 15:26:09;-000.037;-000.038;-000.057+000.018;+000.019;25,6000003814697;42,1300010681152;27,1000003814697;27,1000003814697;25,6000003814697;42,2400016784668;7000
13/12/2022 15:27:14;-000.036;-000.037;-000.057+000.017;+000.019;25,6000003814697;42,5;27,1000003814697;27,1000003814697;25,6000003814697;42,4599990844727;7000
13/12/2022 15:28:20;-000.035;-000.036;-000.058+000.018;+000.019;25,6000003814697;42,75;27,2000007629395;27,1900005340576;25,6000003814697;42,5200004577637;7000
13/12/2022 15:29:25;-000.035;-000.036;-000.058+000.018;+000.019;25,6000003814697;42,6199989318848;27,1000003814697;27,1000003814697;25,6000003814697;42,5900001525879;7000
13/12/2022 15:30:29;-000.036;-000.036;-000.058+000.018;+000.019;25,6000003814697;42,7000007629395;27,1000003814697;27,1000003814697;25,6000003814697;42,7000007629395;7000
13/12/2022 15:31:35;-000.034;-000.035;-000.058+000.017;+000.018;25,6000003814697;42,3699989318848;27,1000003814697;27,1000003814697;25,6000003814697;42,439998626709;7000
13/12/2022 15:32:40;-000.034;-000.035;-000.058+000.017;+000.018;25,6000003814697;42,9300003051758;27,2000007629395;27,1900005340576;25,6000003814697;42,689998626709;7000
13/12/2022 15:33:45;-000.035;-000.036;-000.059+000.018;+000.019;25,6000003814697;42,3800010681152;27,1000003814697;27,1000003814697;25,6000003814697;42,560001373291;7000
13/12/2022 15:34:50;-000.035;-000.036;-000.059+000.018;+000.019;25,6000003814697;43;27,1000003814697;27,1000003814697;25,6000003814697;42,7400016784668;7000
13/12/2022 15:35:54;-000.035;-000.036;-000.059+000.018;+000.019;25,6000003814697;42,9199981689453;27,1000003814697;27,1100006103516;25,6000003814697;42,7700004577637;7000
13/12/2022 15:37:00;-000.035;-000.035;-000.059+000.018;+000.019;25,7000007629395;42,8699989318848;27,2000007629395;27,1900005340576;25,6100006103516;42,7000007629395;7000
13/12/2022 15:38:04;-000.033;-000.034;-000.060+000.017;+000.019;25,6000003814697;42,6800003051758;27,1000003814697;27,1000003814697;25,6200008392334;42,7799987792969;7000
13/12/2022 15:39:09;-000.034;-000.035;-000.060+000.017;+000.019;25,6000003814697;42,3699989318848;27,1000003814697;27,1000003814697;25,6399993896484;42,2299995422363;7000
13/12/2022 15:40:14;-000.034;-000.035;-000.060+000.017;+000.018;25,7000007629395;41,9900016784668;27,1000003814697;27,1299991607666;25,6399993896484;42,2799987792969;7000
13/12/2022 15:41:20;-000.034;-000.035;-000.060+000.018;+000.019;25,7000007629395;42,0900001525879;27,2000007629395;27,2000007629395;25,6399993896484;42,0800018310547;7000
13/12/2022 15:42:25;-000.034;-000.035;-000.060+000.018;+000.020;25,7000007629395;41,7799987792969;27,1000003814697;27,1399993896484;25,6900005340576;42,1500015258789;7000
13/12/2022 15:43:30;-000.034;-000.035;-000.061+000.018;+000.019;25,7000007629395;42,0699996948242;27,1000003814697;27,1000003814697;25,6800003051758;42,1300010681152;7000
13/12/2022 15:44:35;-000.033;-000.033;-000.061+000.017;+000.018;25,7000007629395;42,0499992370605;27,1000003814697;27,1000003814697;25,6800003051758;42,0800018310547;7000
13/12/2022 15:45:39;-000.033;-000.034;-000.061+000.018;+000.019;25,7000007629395;42,2000007629395;27,2000007629395;27,1499996185303;25,6800003051758;42,1399993896484;7000
13/12/2022 15:46:44;-000.033;-000.034;-000.061+000.017;+000.018;25,7000007629395;42,1800003051758;27,2000007629395;27,2000007629395;25,6800003051758;42,0200004577637;7000
13/12/2022 15:47:49;-000.034;-000.035;-000.062+000.018;+000.019;25,7000007629395;41,9199981689453;27,1000003814697;27,1000003814697;25,6800003051758;41,939998626709;7000
13/12/2022 15:48:54;-000.033;-000.034;-000.062+000.017;+000.018;25,7000007629395;41,8400001525879;27,1000003814697;27,1000003814697;25,6900005340576;41,7799987792969;7000
13/12/2022 15:49:59;-000.033;-000.033;-000.062+000.017;+000.018;25,7000007629395;42,4599990844727;27,1000003814697;27,1000003814697;25,6900005340576;42,3600006103516;7000
13/12/2022 15:51:04;-000.032;-000.032;-000.062+000.017;+000.018;25,7000007629395;42,2799987792969;27,1000003814697;27,1499996185303;25,6700000762939;42,2400016784668;7000
13/12/2022 15:52:09;-000.033;-000.033;-000.063+000.018;+000.019;25,7000007629395;42,0499992370605;27,2000007629395;27,2000007629395;25,6900005340576;42,0299987792969;7000
13/12/2022 15:53:14;-000.032;-000.032;-000.063+000.017;+000.019;25,7000007629395;41,6699981689453;27,1000003814697;27,1100006103516;25,6900005340576;41,9300003051758;7000
13/12/2022 15:54:19;-000.032;-000.033;-000.063+000.017;+000.018;25,7000007629395;41,9199981689453;27,1000003814697;27,1000003814697;25,7000007629395;41,9700012207031;7000
13/12/2022 15:55:24;-000.031;-000.032;-000.063+000.016;+000.018;25,7000007629395;42,0800018310547;27,1000003814697;27,1000003814697;25,7000007629395;42,1500015258789;7000
13/12/2022 15:56:29;-000.032;-000.032;-000.063+000.018;+000.019;25,7000007629395;42,5200004577637;27,2000007629395;27,2000007629395;25,7000007629395;42,5999984741211;7000
13/12/2022 15:57:34;-000.032;-000.032;-000.064+000.017;+000.019;25,7000007629395;41,9300003051758;27,2000007629395;27,2000007629395;25,7000007629395;42,1500015258789;7000
13/12/2022 15:58:39;-000.030;-000.031;-000.064+000.017;+000.018;25,7000007629395;41,9500007629395;27,1000003814697;27,1000003814697;25,7000007629395;42,0299987792969;7000
13/12/2022 15:59:44;-000.031;-000.031;-000.064+000.018;+000.019;25,7000007629395;42,4700012207031;27,1000003814697;27,1000003814697;25,7000007629395;42,4700012207031;7000
